latent_x,latent_y,label

9.08704739860121,2.86968251426007,9
2.61686730972656,0.453686246755953,9
-0.378787846119212,0.925748182402519,5
10.0503067796209,6.21821776324089,7
0.26055178203804,-0.00535131815797474,2
-0.727724878834277,0.238759533960213,8
-0.305450997890837,3.45659852327082,3
-0.940160564597225,0.422889603679736,5
3.23777851118549,-2.00160653847689,0
5.80501273820946,4.98824115381357,9
4.47918504085516,2.60799970523864,7
2.29053659276526,-1.21736130874257,0
-1.23489408030343,1.19024100961668,3
0.185457849877742,0.135594962480429,2
4.24120222373771,1.22612332274643,4
8.06023480893624,5.43442851780099,7
1.08957504776623,0.985544122145681,9
0.621835187226376,0.00248178283001583,2
0.684579036016761,-0.346805273611305,0
0.335667679687306,0.661409912061926,8
0.936382817800096,0.12586347218311,2
6.30524721282359,3.71734532809597,7
0.72670005300251,0.766544601155794,8
6.30596004961304,1.89420924689682,9
2.87465586120693,1.5820653691492,9
0.413425172226761,0.0745116514090776,2
-1.66993140937958,2.17911999592467,3
3.93569456647425,-1.30751015071517,0
-1.06092388343414,3.40159144038423,3
4.02704630877543,2.22834366340849,9
1.78612002615898,0.0377489032853571,2
10.4588594026799,8.82209617691147,1
0.853961359326756,0.735598680852551,7
9.65446697634579,8.3005463383403,1
1.06167773620496,0.594812764478871,8
0.108386662067607,1.04977557766496,8
5.49548524545584,-0.435311316256632,6
2.47314262819124,0.675418522923207,2
0.522744750013623,0.652172371642224,8
9.10172631494465,4.88063522711441,7
0.655356756654971,-0.400363068666787,0
-1.56914631511521,1.75995634394159,3
11.0402601595714,5.5314228195268,7
0.481955388702948,0.357931599199496,2
3.36167087649468,1.82936502482684,9
-0.735481855328261,2.80803792375744,3
6.05520292916663,-0.148063982024527,6
4.1833392402024,0.549651557182679,6
5.23722675708893,1.813528749483,9
0.481542558451054,0.650959649743464,8
-0.295891942120845,0.76393603643429,8
3.9882845323686,2.52556126086812,7
4.26225095955158,0.572649993197793,6
0.561172723902862,0.0633850570080381,2
0.682275150309518,0.0385967578370697,2
2.56423624478129,1.36254678351294,9
0.290822702363147,0.282286869218123,2
3.67552286386755,-1.29249376262851,0
6.98281360398606,6.21989515041259,1
3.94796000649001,1.87104169073229,9
2.89745481542394,1.44611366599781,4
-0.196374458145169,1.16619610168033,3
-0.701098427063,2.90956281429494,3
-0.322521207273182,0.495194622935126,8
1.02244846623424,0.933697252144445,5
0.0265965096517874,0.116517132668831,2
3.72170917044505,0.192132840224345,6
0.589530978052144,1.34292909729367,8
0.458171132371002,-0.492430804912968,0
7.05965918745656,1.98464973383128,9
0.757688456281378,0.00890999418617786,2
-0.368655081645435,3.70540556586007,3
1.12045868308395,1.61141890850728,8
0.743149720940672,1.27333757367033,0
5.84115898525992,2.49809295534285,9
4.05390492728451,2.94457560971075,4
7.45186924024155,10.7122400492102,1
1.19656608911101,0.602838549178539,5
-0.728316492341117,0.660396516742984,5
10.3056628067011,5.17053510837202,7
-0.194296302980387,0.0999139054480915,2
7.85474411942703,10.5052693760814,1
1.04585646573519,-0.93201573819103,0
3.57580984097233,1.07476014001517,9
6.18072095377777,3.5912162082868,7
0.190250306427978,0.211803175340236,2
6.95491092669219,9.41978709364579,1
4.95286750311362,3.08483276367966,9
1.18144643110833,-0.0870888752577853,2
10.3895561378304,8.9171626127838,1
2.31955640828174,-1.77321909725759,0
10.1316123166997,0.375856976860558,6
4.39532220229616,1.00095034537089,9
0.249867587222364,0.882506806793787,8
0.907297364814564,0.953421975559201,5
1.230912136182,0.988660515732967,5
2.83505317540531,2.21770231573443,4
11.7036814383056,12.0906321060808,1
3.90220392228294,2.18415515823136,7
3.5421546610917,0.704482187239592,4
0.235094036347273,0.883822399955295,8
4.53802442043423,1.57770797919014,9
5.23173561536127,1.45139868854332,9
1.65983402692422,-1.00506204792871,0
9.38186885329104,5.01538948891923,7
13.3221768926402,12.5311434663757,1
4.37683223969913,3.65624496213463,4
6.70359167082757,10.799178920096,1
-0.422256318266519,1.1179326732751,3
9.77012168351521,0.188716576707629,6
0.987736555453919,0.586517381986489,8
2.3528903128636,0.393717720434404,6
11.361721842224,10.9607762385824,1
9.10708466935994,6.13344318096443,7
-0.197262274373498,0.530690491220785,2
5.80743643234627,8.74145382629785,1
0.442043335658141,-0.701135971330532,0
0.117303502136445,0.344188967863155,3
1.0448412551801,-0.0613966880872442,2
3.91705419005661,1.8207497989015,9
0.305109954843103,-0.0519204387038371,2
-0.0204375117037426,0.550229554446292,8
-0.00510452732829202,2.50784759875346,9
8.23510814285586,9.89817361128365,1
0.562322969984644,0.14631309159861,2
-0.609256613191974,0.722729475240956,3
-0.0863562904804163,-0.617843484381206,8
8.41686578656083,3.52148061056155,7
-0.170837037401164,0.396974892004676,8
0.22444803121882,2.58492040633772,3
4.30729087483408,2.43617074250213,9
1.52900927977417,-1.62766983639024,0
5.48331234978365,1.61798023622844,9
11.0787493357697,4.46358329201585,7
-0.528060796865776,1.04283813702493,3
4.28971458951909,1.69604923528351,4
9.95235942041935,0.819398701441485,6
6.01108047081807,3.80158184189706,9
-1.86302492983457,2.09370805351924,3
13.9746983511359,13.6286426593435,1
7.42041215574441,10.9193995002075,1
6.3232198756624,8.84949672871735,1
3.61115661960948,2.42750172478126,9
7.29770225181533,5.81610238197133,1
-1.429485894414,2.5970559073948,3
5.82420501732854,1.64567623450264,4
0.540819297446877,1.73299362081852,8
2.66754767510671,1.5472866319286,7
7.0678835468986,0.477770697409192,6
-0.186336447283933,1.45978410073542,5
-0.00767278754807853,1.10604153051189,5
-0.302456975466522,0.572825166658178,8
9.20208490097682,4.01271560145976,7
0.529789590058165,0.723593672328783,8
7.94611840350659,2.32339585832055,9
1.19369988055188,-0.475656397340873,0
0.880676898967497,0.727270357286742,8
5.94793989768613,-0.473747136674085,6
3.08803810690006,1.96708354088734,9
4.71863123721014,1.02135837804889,4
-0.143574733342586,0.620545418554629,8
5.55523385852683,4.83578506387109,3
2.17524362633624,-1.5081836526207,0
1.99789141878322,1.13438533301647,4
0.632506747236554,0.0456014520721264,2
-0.794969972886395,0.692453977608463,3
-1.38693475100195,0.906864217592961,3
0.794595622433506,0.011303730893816,2
0.747676738723189,0.0371625121449458,2
10.095106617978,4.31422425652813,7
5.9829769887124,10.2698698047044,1
0.10131682390653,0.186388431245227,2
4.32125821246164,1.28274799450004,4
0.789989923157128,-0.0486568243815116,2
8.63408820239878,6.33267242561388,7
1.05382501743063,-0.055472966104536,2
7.98902038704162,-0.195543158959017,6
2.23657542511445,-1.67536647120309,0
0.792312564951722,0.0380450871666245,2
2.74381403892353,0.374165251258265,6
0.0874136118758385,0.235889280518556,2
12.8108816116522,8.5707196706481,7
1.85041958506208,1.84185922773508,5
9.56039615249867,3.66988471384665,7
2.59037202301095,1.10438966752516,4
9.22656942932428,4.51069175839648,7
2.43259974903129,1.40870862236265,7
6.36141557598444,4.49444068533883,9
6.62138487011707,2.22543555616263,9
4.15103968046702,0.916639714667805,4
4.04328648313976,1.98755877174684,7
1.80107142763399,1.22754189594165,8
3.03997514363472,1.86501326369575,7
5.71210537743728,1.37413352429679,9
0.522778460592961,-0.613692567417677,0
0.0339293876734666,0.856398446414515,8
6.24429168410471,0.678904934499734,6
-0.414354737564325,1.08129878524294,3
1.6653691701988,1.95531102021413,5
0.377287209052342,0.944012103554383,5
0.110820175140492,1.50543696965206,5
2.42300070368483,1.44034515849844,9
0.0249420953646159,1.14935402966394,5
0.186430505006308,0.658835426520988,8
3.06860266964017,2.22827441482843,9
9.2836616653594,5.13792223078494,7
4.92799473214737,0.238314066064671,6
0.094711275479639,2.89318562821912,3
4.33238599934521,-0.164491411838066,5
-1.02415910189606,1.51428282632359,3
0.563067902803993,0.00244486821549509,2
0.951456934988056,2.61185545520043,3
1.75205173488882,1.01010571867825,8
-1.1729512079878,1.10867051251337,3
-0.523116147997012,2.46713531786658,3
7.06288735235284,3.09992091602076,7
4.02077902932726,2.05686611534283,7
-0.113800543672197,0.855852318077839,8
-0.59821636364053,1.71182947368483,3
2.41454413113299,-0.0314712129705176,6
12.2801115718622,4.58572244698433,7
-1.10117067577101,0.586198671140582,3
9.12852705163494,11.4929241116529,1
-0.61086118198309,2.67106227706436,3
1.07580329500899,-0.0501791980371519,6
6.91061177240609,3.46820977543368,7
5.81363897961025,2.14453150015767,9
0.361368088512379,0.236507937890839,2
2.61836726336686,-0.80387900700177,0
0.410191352024461,1.89009761074688,3
3.69528921115783,-1.66587142670949,0
5.62496599062485,3.61686379552602,7
0.719149459869448,0.380730825969812,2
8.33572727351572,4.74103437709845,7
1.4488012342521,1.40363362926721,5
1.93556970397168,3.75006638752192,1
1.68082715356058,1.73133501577495,5
0.502458132924866,-0.111959105402253,2
8.85550465630056,5.18979914817092,7
4.42959323906374,3.50786661849522,7
11.5321577353712,12.0581083096141,1
3.1776558343928,0.7978870808786,4
3.2897465458489,2.25060208713126,4
9.66201334248872,4.81048576484976,7
3.69629517284078,-2.4660308148463,0
3.13845914893992,-2.19436468593818,0
1.07383646866323,0.117358814765135,2
3.81082113691223,1.39041365732303,4
4.10281406098992,2.51692897834233,7
3.82684605099507,1.46740393764894,9
10.0494200077961,4.58897292188154,7
3.10504947294327,-2.55461875308791,0
2.6858919272637,1.50211020629528,9
4.65681597965798,1.0489681633926,9
5.25487395675173,1.60120503488108,9
11.5872067242945,0.477204649657304,6
0.336974415300315,1.30452939473991,5
2.84567802669239,1.67847353487549,9
14.8354846276817,12.7884279826486,1
3.62779993590897,1.84493715508215,9
-0.64322952174102,1.55614541955043,3
-0.860287942610608,2.87423873734817,3
0.645605644368267,-1.26366042784865,0
0.578691961840708,-0.0545386485803184,2
8.44968513903435,2.70904973533204,4
-0.202829769451535,1.58293143448783,3
4.22241210426815,1.62671364549648,4
1.25035187140376,1.38400345342255,4
5.31845869023551,4.34230954203928,9
1.90553509820553,-1.58419919401716,0
9.90612491031483,8.61737750122248,1
2.95115966049647,-0.488609587697619,0
4.68602582961036,1.55337573262575,4
9.92969746803032,6.5979430399902,7
2.11523358920614,2.25189341866797,4
3.8600317715685,-0.728140349338155,0
10.3305206901969,12.0266666383305,1
-1.36909276007817,2.23148636881478,3
-0.127469480407141,0.512990550806711,8
0.911226681238299,-1.75106077710319,0
6.98048050602838,3.6000260302329,7
8.72319842390189,-0.407852176982769,6
8.38955562845485,4.02171776144692,7
9.30210082238538,0.203449744786598,6
3.41526183289058,0.723411141616603,4
0.01948240432012,3.30307407248926,3
1.97615229777198,1.06920989786491,4
-0.917988850205739,1.64552817841615,3
1.50441824883126,1.22520126045531,4
1.11037328401305,0.249971738111853,2
-0.129958620488389,3.67795885148497,5
1.70348300852563,0.179195046429455,2
4.03143559847437,2.7986600544316,9
8.38333909086938,-0.0289244658126715,6
1.25656968383226,1.29129647147012,5
1.51286456980346,1.16793929687056,5
2.7435212487849,1.64843354299507,9
-0.608464822562529,0.810727934853104,3
-0.571314052008783,0.447993104181301,3
0.277030055324958,0.256038641858818,2
6.23999596076693,-0.240772785889807,6
1.37741309992316,-0.222208501481381,6
0.476441629051113,0.14758911568501,2
6.1181971911714,2.20321836577565,9
3.18139554868552,-0.838720148604358,0
1.73636326003825,0.748734190826637,4
11.3222850420352,12.6906243176267,1
12.1883043262155,12.805954292001,1
5.35944832519491,1.71495050455503,9
2.73794445258577,-1.2418209819994,0
4.09777300618634,1.74766846011241,9
1.26844570355369,-1.98023597607846,0
3.11505545463902,-2.09763493320708,0
0.684670898824435,-0.837246634249037,0
4.73768326904985,1.98607893141303,7
1.15288003840286,1.55897431661273,8
0.438592265671137,0.943028476265759,8
1.49430615209592,1.92364306178812,8
-1.00083129354981,0.684921795024891,3
-0.151223927646404,1.83927617843165,5
0.826100311747862,-0.0418489059519903,2
4.42142060748907,1.51611373562469,4
2.48655324875032,0.536911864532761,9
3.62119972078735,1.15453371886302,4
11.4263855054845,12.2953514619551,1
-0.775434503356411,3.87571803992393,3
6.40879102287448,1.95017357684393,9
-0.206544306637641,2.35227098964701,3
7.62218374298294,10.9751189120986,1
5.94698720046809,8.69174724529841,1
0.11751742642332,0.574936289431474,8
7.61278566863457,0.589376278578876,6
3.02991928435084,2.1791025937616,9
1.37740325491397,-0.327577807059323,3
0.500779847652499,0.89648796223275,8
9.03630504155943,0.298415843918845,6
0.355694078579261,2.96782019675491,5
8.96414829732074,10.7182891792525,1
-0.136971710764226,0.630425472871156,8
4.60406031859496,1.42455539822413,4
-0.509435323208636,2.51972826354562,3
10.2428618237904,3.42306601434401,7
0.280156246207982,0.654947115292148,8
-0.201704066313992,0.60595314852812,8
10.6922245417413,12.6693824862241,1
12.4053916060158,13.2722775461579,1
0.207087896995633,0.112906842414465,2
4.72185313978564,3.84380035119506,7
10.8606778761536,4.00710124712006,7
0.369501700357212,-0.892517104564018,0
1.53908755862202,1.78438707777326,5
0.510804533290508,-0.85780588017454,0
-0.676453148680627,1.49807203953623,3
0.207505504302375,0.620592090517241,8
6.4132412204875,0.581423800920873,6
0.903054056583807,-0.774528764471088,0
-0.834180054754797,2.71546128694674,5
6.22498304127249,4.18132390709044,7
0.306365409349006,0.452443391994654,2
-0.425168908963211,2.49182328925135,3
0.18111987693757,0.133119629659318,2
5.71573589228135,-0.375069181121659,6
3.51344557430765,2.11076906602596,4
-0.114832368625059,0.918793383845348,3
1.20846130048498,-1.5675592069485,0
0.595222847927824,-1.44165961386884,0
1.87450468657636,0.974950630301047,0
0.505997428916225,0.0165316491303532,2
5.24510525822905,3.06838743411708,7
0.793022800016146,1.43107563571799,8
-0.963634065162396,2.74767558408069,3
-0.326198091909415,2.62203740433916,5
6.32637865243115,0.624948777501411,6
3.68547920443534,-0.772819019151224,0
5.2825929809019,1.55632349825387,9
0.278340403442645,0.710799764122535,8
-1.39774594498433,0.635196539141451,3
5.1484932671653,1.94494387197222,9
0.877980572044701,0.735774389040207,4
1.17373308557821,-0.723146371840145,0
14.0990264991269,12.3106190691138,1
-0.154983485756062,0.607160726173767,8
0.553602542147698,3.62413319216578,5
0.274943922803011,-0.0534378771205366,2
0.768266723529233,-0.519237603071587,0
0.682768501320739,0.835006917295728,8
1.82366600888619,2.29592428261719,5
0.0403434568419971,1.50965130363305,3
1.81903348225182,1.12035589360139,7
9.12260723764136,10.6696774398295,1
5.18301983989993,1.43860370773646,9
1.13632674456643,2.06989476702641,5
0.210794808663742,0.712056124054709,8
0.853234176248354,-0.0763710631617335,2
2.19136261376932,1.3090260928516,4
-0.163834718311515,0.689002106819799,5
0.103994089794058,0.915827186021712,3
0.154432173855488,1.28316011429978,5
1.65345101144635,-2.08076630574877,0
3.3648082347859,0.454965487692176,6
1.49343820532035,2.20208516296756,7
2.63063475324242,0.226511238182312,2
4.90424143868255,2.9280706093079,9
7.56771768189285,10.0172223009007,1
0.723833382377457,1.22913380354255,8
3.35085649732521,1.91071783156963,9
5.69315434845509,0.683929187482331,6
2.46851526541572,1.75364205416104,4
-0.530596500704377,0.729025073819273,3
11.2981407747735,9.39432008006542,1
1.84628424497559,1.11114901792377,4
2.83646399661163,0.339638300132445,6
7.09797736221198,-0.306780899161177,6
4.05180727811613,0.588978428293818,6
-0.443628681106832,0.653064901839347,3
7.05784695800214,-0.194400815530085,6
-1.24761091161486,0.745674604812954,5
3.55389573839233,2.01831674338055,7
1.06385160720637,-1.84710718499228,0
0.455640363997132,4.36200887742541,3
1.34795831347573,-0.924429763378121,0
11.2671042119758,6.9919322726747,7
3.08668512060496,-1.39129527406598,0
9.77356766849159,3.47429116808837,7
-0.235104491129652,1.14792546578554,3
3.04031309809215,5.45284251744944,1
4.005175118236,2.9914194686154,9
6.9465425941495,10.1813951868551,1
1.79334479872972,0.719561471211822,4
1.56927642315079,1.96478579840755,5
11.6729305310674,5.53829278276593,7
-0.503161273525252,0.429730363967183,8
3.29263077102295,1.81154986145594,7
6.65322926771003,1.53663069044978,7
2.53745084738552,-1.92449832465185,0
0.0133703129556745,0.625292909626987,8
0.921951030344317,0.188039811329729,2
-0.789420233503026,0.830652560074849,8
3.02831032891625,2.07724550363619,9
8.47764330712053,-0.0601618730128,6
-1.3840284312261,1.69444483911008,3
2.30569735808685,0.612895142452113,6
3.80160823767598,1.64702748481445,4
6.77725237196793,4.15055324278209,7
7.72432711352855,7.13120702521592,1
0.269872928147076,0.192734000287806,2
0.709051507002745,0.28405598923498,2
1.37500922054756,0.755945806153021,4
1.3947745459243,2.38650299570054,8
5.82332876922684,10.0224418698852,1
2.24419634243364,-0.49534314355047,0
1.52146251707962,1.87878228556863,5
0.664082357732039,0.650699685882629,8
13.2233458975435,13.333279332514,1
-0.389908072945046,0.563751073725733,8
8.84386705851368,9.564945096848,1
0.136761182307158,-0.141485368992282,0
4.4076749013389,0.620831695010022,6
-0.16872840679085,1.28639257334048,5
14.8840205077023,14.1787899399405,1
4.36593593605649,0.367420435802034,6
-1.29526916972977,1.21829001189219,3
0.455355875089253,-0.449285120191414,0
0.464719025116347,2.17854629941046,3
-0.80285582876138,1.20548993222316,5
6.39434237020027,8.48561403563665,1
1.4476498427535,-2.04234002652638,0
7.88071619124941,11.0806625524781,1
4.94735162557333,1.65125784960447,9
0.771521902429299,0.0966499119500419,2
2.79543325716896,-1.81037059512295,0
2.5441179154243,-0.965802811036589,0
1.64519078558526,-1.39173159598804,6
8.92639257114101,5.22003110833013,7
6.73121889441654,2.20865710265894,7
8.17195723184446,0.409297492830839,6
10.6639456072395,4.31598886311788,7
-0.109632818646146,0.369114123199804,2
5.15241415353968,1.14772871411987,4
1.58451171488296,1.93740322626826,5
0.075876177778485,1.00139982792799,5
0.277033471196176,1.47760025995036,5
-0.664265798998962,1.86389636720447,3
8.04728597979974,-0.127959759523433,6
-0.512910998702783,0.00903258848144318,3
1.61886293660562,2.63180094459065,6
2.73185996478648,0.506335619801544,4
4.68857452177155,8.19005298067395,1
7.32502253662939,3.70023530603185,7
3.46771874970548,0.802689177274958,4
6.62803810398211,1.78721973546533,7
9.40175387920953,0.120276935712523,6
5.08870930760713,0.273130249166486,6
3.8083140042337,1.73762078498176,9
9.57221584235818,4.88146695214405,7
0.912154464015574,1.80375081060794,8
4.69379891803376,1.39331054586725,4
0.854689281987086,-0.0676284196134928,2
9.93641414588412,11.6308382694555,1
6.27986500150791,2.28287316191228,9
-0.0755848245644198,1.40083006921683,8
0.682710585662042,-0.0881029538792418,2
0.726478656548118,0.101250165821359,2
8.76693124941641,-0.0731783579617235,6
1.06019341427946,1.9380954743999,8
1.16147834195036,1.10965690067965,5
-0.318521932139079,4.12432415506372,3
-0.677752062250029,0.823512077446886,8
0.521696325379568,-0.413896074312954,0
2.80805675645377,-1.49593636225759,0
11.5927143421726,10.9814730431422,1
-0.871441596545742,2.28729781755646,3
0.981065001307209,-0.326271240241183,0
-0.217097324953011,0.901894046407248,3
4.79001620671257,3.75873840242229,9
10.5121898152777,5.26863711196464,7
0.21287782973086,0.698754754516996,8
1.26951147647202,-1.04008376972095,7
13.7494358704765,14.1169847350458,1
12.4105111669101,13.1441878364206,1
1.00534109167712,-0.017175270639351,2
1.03902142157678,-0.132478363741194,2
1.48394054948831,-1.76424247016436,0
5.06263200061423,3.52015455449611,7
0.668595681048217,2.26358723215756,3
0.783334431113013,0.85187430328341,5
8.1468720523518,3.47386449897439,7
0.591019485091425,0.148247491010322,2
-1.04669283928295,1.98331057613425,3
6.94256932396627,0.570294618984996,6
-0.764960515866068,0.359658291498749,5
0.539796396208704,0.856897223209322,5
1.62301962066715,1.92396244421001,6
1.72574750560996,0.107365742043414,2
7.93938719449956,-0.519128278367136,6
6.6649210320188,1.88418334019733,4
0.374805763015898,0.110460213203358,2
5.97341945601704,10.2279564152178,1
2.28269177542126,-1.14427227325447,0
5.70006383624307,-0.565133785819121,6
4.24521892772067,-0.711839042248028,0
5.92151036661389,10.7085668514731,1
0.480795230151331,-0.40234197910535,0
1.47704926050236,1.72148261447337,7
-0.348074873922542,0.719477613116378,8
2.04367526337609,0.900815409116342,4
4.60662226942991,-0.351634089442112,6
1.9872252170707,0.227186438165849,6
-0.29153240905132,1.57820311537151,5
0.727966577216707,0.674043693150617,7
0.577087322821877,0.802714966844077,8
8.32177891908872,0.589457663918697,6
-0.503663015767639,0.777679890086168,3
-0.0692152777069417,0.0719811524241561,2
11.5589989627789,10.7013667767181,1
0.791324612820729,-1.50861869225812,0
7.03733236399064,9.3857744954313,1
12.2802327366126,12.8521275399955,1
7.21582851941436,8.86973098499074,1
5.09856138056213,2.53154139335934,7
0.0462032205416245,0.561151109800647,8
2.94042464755694,-1.5114054899357,0
-0.0525069030718925,0.0170603004686016,2
0.539901385432864,0.872387068086475,8
2.32972738219479,-0.0723491087375234,6
0.29251307957063,0.764762710894888,8
1.18883050288922,-0.791873203023479,0
0.846030589696512,1.81723811190067,8
1.39213251718537,0.75489265419087,4
8.4080641076604,4.59165919582938,7
3.87044687828849,2.7458553153283,7
-0.459965290535392,1.60689953040341,8
1.96746583893028,1.13294082168924,9
12.1444920589863,12.3935989923918,1
5.01829325848419,1.99611585647413,9
4.79577967403915,0.210893500229792,6
5.27971111065224,0.612450232591229,6
7.33731396561799,7.403762137999,1
10.2430939676099,11.9380355850712,1
14.3955478490773,12.3972682662338,1
13.1963852469331,13.1715356885435,1
2.69983710330595,1.49286528781916,9
5.30076298120925,3.31378365002273,7
3.37137341175167,1.8123460595941,7
2.45182670645787,0.923143776225404,9
0.934261396272886,-0.71864445855109,0
4.65991871791923,1.64919392136867,4
-0.11231603590297,1.55354805373028,5
9.1166874386546,10.3674851125295,1
0.71846566477322,0.0287545412749752,3
0.12996473104902,0.733958506381258,8
-0.316019263729553,0.752664449141216,3
3.17158237391325,2.32137753127404,4
-0.834236002673276,1.0754791124683,3
3.74390408093149,2.06077094794765,7
5.66550999402572,3.18785986209725,7
1.86596973183869,0.771410922430093,4
5.96597885320542,1.58977565913388,9
7.45652253639176,0.509578867845655,6
5.22987304213908,1.87484243306104,4
8.38630219423899,0.128337446100234,6
1.15306838183555,-1.23679797984807,0
1.68879840706402,0.30769384477419,2
-1.19752290313856,1.96672783468508,3
-0.194395804840765,0.521473562972309,8
0.418373357223563,0.158723353285034,2
3.58918026439114,-0.25981160469476,6
2.33306597285259,-2.25714217062504,0
-1.60336086147078,1.71360395829459,3
6.95400108535038,2.67399853288433,7
4.32628082330502,1.82681446356312,9
1.09954699315861,0.855548099448105,4
2.51232568575372,-1.42847712778159,0
0.443280796172982,-0.742924947496997,0
1.21013421714754,1.25418324796937,5
-0.944871363564106,2.19358221456237,5
1.14302484844579,-1.42069331736126,0
3.94449522225552,4.0101705031411,1
5.3271913415198,3.95017003682099,4
5.04051432168945,-0.268825199033632,6
-0.266547453184059,1.55863414296233,5
0.356422627117452,0.93341339415191,5
1.76016824688038,-1.79123763534143,0
-0.748550541553774,1.91974230937593,3
6.90063773328137,11.0268282976425,1
0.198110409574854,1.01741246553512,3
6.55238180835165,2.82020348514254,7
7.38412210408773,0.427854497496834,6
0.199834400015587,0.995649181555475,5
-0.663737551920242,4.25623618165866,3
10.7742323558132,6.31701233502684,7
4.2364833608983,2.52417373722184,7
3.57891841915392,2.11990073908108,9
3.16799601721559,5.12098958661379,1
5.61746659461068,8.81969199168731,1
4.90537106966506,1.78444663193361,9
6.75320417950706,-0.273115621384723,6
2.64150950881409,1.00729570739076,6
2.27307641618662,0.931398045680499,4
0.660930323248265,0.702613826342899,8
12.4136464109976,13.3683768628933,1
6.80500428276871,2.38785403375843,9
8.86541347928154,0.284410433528557,6
-0.46889332022748,1.06043031624336,3
-0.308814037112213,1.14942823334134,5
-0.0118295574882965,1.51962576965933,5
6.33658960957054,3.09437380003224,7
1.96367051889053,1.27886275205368,4
6.62949218461224,6.77561765726363,1
0.212293468511964,-0.0210673662827372,2
0.128830335138596,0.612184141395688,8
0.444899603640971,-0.00903261052981805,2
0.772231968599192,-0.438532758458531,0
2.87682418348617,2.29075278903504,4
10.4659055220595,12.3286937707048,1
14.4151971268977,12.5936011883222,1
-0.965527489159155,3.93374834069678,3
-1.64473701198777,4.11431592459231,3
4.69318601714951,1.75127627625877,9
0.44225945953098,1.73268906300406,3
5.68099185724818,0.133450804645932,6
1.72841648605046,1.02369270511088,4
2.09875536385697,1.67429724726674,4
-0.153755739222144,1.45766445432565,5
0.482478683042369,1.4043617369558,3
8.81571243408434,10.0120601973299,1
7.07733993554655,9.67665501101722,1
4.90171964662402,7.75805412212966,1
3.53073462119266,1.9306808009424,7
0.9915060161455,-0.0537256187146886,2
3.36441401158029,-0.273251166394026,6
3.67443523623593,2.31252546855743,7
0.380064845131961,0.111851149536832,2
-0.502315175116543,0.717195869615127,8
11.7288139578277,4.93810998972883,7
-0.403276152253365,1.0519028635969,9
2.17065943071389,-0.655468213301896,0
8.50190550085808,10.373703537949,1
2.70493669669328,1.08501873503155,4
8.69573477004513,2.70253148046974,9
0.608463353873916,0.628066769217355,8
14.9727149333108,14.8099536178985,1
3.77660115796485,-2.55744812806489,0
-0.38951025193407,1.29710079380544,3
3.02504335721868,-0.136941211732001,6
-0.0131682860791046,0.210899648603032,2
4.62082694639492,1.81088910446878,4
5.61995574022044,2.01615045341722,9
-0.771330614681597,0.821987104404017,3
-0.0977858101448038,1.47834862978026,8
0.790345752782791,1.04104840999767,8
4.59075459043943,0.226346503893883,6
-0.097174094223968,1.80147851850753,5
0.763178462412634,-0.402608160152338,0
0.748659393491837,0.803277656271067,8
4.38327215991098,1.54087044534603,7
12.8984324355009,10.9692389254673,1
10.5047831254304,6.73502592575007,7
1.75911649188663,0.396012155964684,2
6.9969639263459,10.1629610408749,1
1.97826388170112,-0.105712012525207,6
1.51140364550054,0.96358997005482,4
11.648226096644,10.0138791697136,1
0.977253683532833,0.634924868416298,8
1.63579542695321,-0.197310099628623,0
-0.105076516954835,0.982572811998308,5
7.68800237728754,2.48448358491435,4
10.2378544735567,10.7155198366912,1
3.42619525280925,-0.397224468067712,0
2.44647867920636,-1.83320873494184,0
2.75981940292618,-2.58301855309682,0
6.52845411048415,4.14345048958564,7
-1.42112414187615,3.04798780119103,3
0.659251427672239,0.00920659918408826,2
6.08339289689933,3.92633308859359,7
-0.0709734778722227,0.900468938093449,3
-1.510951456964,2.26131049991924,3
1.38798759018628,1.31770454705384,5
9.77037626096924,0.233559951094268,6
0.907587534885179,-0.444521490100143,0
4.87436085865683,0.134572305334128,6
3.95107583973623,1.24117832177181,4
2.44732051613135,0.251369805176042,6
-0.699701785302037,0.989501744831607,5
-0.274380822735865,0.855093937033308,8
1.84222951264277,-0.0937915335864549,0
7.01591171441997,0.794276420750036,6
10.34700160216,9.52533277939026,1
0.105668056660534,0.201220006202264,2
12.7242370430815,11.3490794927424,1
-0.652933518764848,0.269131282069279,5
3.81082091481313,-0.796697254709786,0
-0.711599974036102,3.71494564980998,3
-0.810005875862208,0.753811204443406,3
-0.262426242194573,0.512039497496036,3
5.97170666468174,10.2760030123527,1
10.2173714919083,4.42709941414019,7
10.3105158009081,4.15599416839793,7
2.05318752075593,-1.41237706400487,0
0.388867289893313,-0.0665072845366224,2
8.53012139532182,10.9180494569727,1
2.60708195106168,1.15721261141197,9
0.23429792749654,0.849306895328201,8
-0.332627407485273,0.535284389601093,8
0.0957877451321695,1.6060222115752,3
1.71711951939619,1.09480494974459,9
4.50939458126263,3.23053347184472,9
3.02131066409038,-1.76763945414604,0
-1.73219277988697,3.17960737033752,3
1.06323894571539,0.238197255715509,6
10.8300512309057,11.4239419953769,1
10.6091250740858,3.96533504299759,7
14.5170247785684,13.2109889925791,1
4.04784053729884,0.89716941208999,7
-0.341289388457444,4.99608594065125,3
1.97727863849779,1.08622867528351,4
0.864592292728656,0.353331377929499,4
-0.936571524995777,2.51509984153338,3
12.3403614197448,12.7639191410722,1
2.3538797695563,-1.5569790213217,0
4.68207046755058,2.4043563229227,7
3.38930789512079,1.31632985269855,9
0.0515040187140925,0.227818849195674,2
0.816362048321656,0.0076392621238016,2
2.72574358037059,1.07946393551653,4
-1.82759252503363,2.60539252096705,3
6.233840112471,1.88495836142962,7
0.398893608026146,0.14090593184888,2
-0.251203216287758,0.852054098372791,8
-1.08540329321856,1.0739379253568,5
0.744777626040576,-0.878757954515756,0
2.48060009823111,1.37953733315135,7
5.9844204494386,9.37238565210144,1
-0.0330620384195611,1.86710346052133,5
7.85891335839522,12.0130050727013,1
1.14769862470914,0.996322568957537,5
-0.244284610237463,0.68683273172926,0
5.03355499537945,-0.0733034509668548,6
12.1049868090468,6.10263382459113,7
-0.142184540266338,1.42289926503545,5
7.11726000886853,2.9400816264751,7
5.40328678146974,2.46260181986011,7
0.851251429736826,1.56754771087819,8
0.156652420947616,0.0803077475686735,2
3.08555020669642,1.33920013820743,4
2.49894861110908,-0.505528447828404,0
5.34119060104479,3.3483961777025,9
0.972529177078447,-0.0298529154397479,2
0.749527959110338,0.112442591599623,2
0.360221087608153,-0.782268867259787,0
9.8408442500626,0.36356564881894,6
0.768061602217437,-0.133270348871223,2
2.75760489628895,2.24383761819481,4
0.890733054158162,1.66222613914971,8
5.55367268755564,4.63916699664144,1
3.07232561044597,-0.063187038406839,6
2.02884636120682,0.330230559806734,2
11.0520562712943,4.10875006086907,7
3.12696091431494,2.70870507675179,4
5.43857055013906,-0.403694810502631,6
-1.11027309435619,1.49611267334364,3
4.22086409044255,0.299672871136162,6
0.413384777164366,1.03237968567186,3
5.5549358715558,-0.613214694953297,6
0.988758222750158,0.255405442198095,4
4.04735263671137,0.526215015536402,6
2.50163271928335,-2.54419815384867,0
-0.438765108402103,0.553792459579745,8
-0.979981915011741,3.04988258137777,3
-0.51355795127336,1.42413838174931,3
1.94911841832984,1.18089258738312,9
0.714891958510786,0.561700075039568,7
9.00784671759801,11.0880824210024,1
2.09802367261863,4.3021264688341,1
4.19386546097178,0.971238625398278,4
-1.09254981037774,2.14156662195358,3
-0.675482921021058,1.54066056689911,5
6.31376337700794,-0.280160997303899,6
-0.866592393883385,0.881099699372062,5
0.266779672028329,0.00678942031470275,2
5.69821085029066,8.30417720370061,1
-0.268667970512055,1.22693218947959,5
3.94513286298878,3.48012854861609,4
2.64173089524648,1.00338373622264,4
0.375474743473772,1.29977153357493,3
9.32421689971988,3.52694813205209,7
9.66087729915986,6.13287655879557,7
3.30004713992446,-1.84629999601107,0
3.89084738323754,2.24772525577417,7
2.34951689538196,0.950185009724327,4
2.37535146402345,1.00208970204229,5
5.86554685679235,0.411836896323061,6
7.63932389752069,3.81494111111616,7
3.69187084873064,2.6843627617294,4
0.836686901972915,0.363832307038736,8
-1.32601588381338,1.81444183025691,3
7.40661411542107,6.50851563334051,1
2.32734486567156,1.3940937200647,9
12.3682632647638,10.165588166382,1
9.22866081946365,12.2109910795739,1
4.79278158480061,3.32203236348472,7
2.99779551252999,3.12748241012001,3
0.449834067450999,2.87315580914677,3
0.21826863708281,0.660345403642763,8
-0.914198048546733,1.4164794410583,3
0.613807041634737,1.12313728070032,5
0.0690660796359881,0.62723349059491,8
0.591187712601784,0.116079526263065,2
6.63105766638761,10.9153778885331,1
2.99936659129686,1.9043809181527,9
4.30475658928938,1.40413278808402,4
6.38515970049387,2.11161189059531,4
-0.169274726674312,0.78416339053981,8
3.23679342267574,0.0440710541662529,6
3.42807116551293,2.42786361895861,4
3.69294923344564,1.58353429005486,4
7.93107174545205,2.54875257663299,9
1.59321781387863,2.26443054965012,3
11.8119263410972,11.3539104463235,1
-0.769803927527898,1.24981509371912,3
8.27953115568766,10.8663978780618,1
1.03011825140354,0.501592426781602,4
5.44340413706963,1.57693811538893,9
4.09223716178638,1.30907552408042,4
-0.890564817187713,1.34253455473048,3
1.65301177843861,1.05242895626989,4
5.16812620431852,2.95002291361699,7
0.628707568921114,0.0361314748349973,2
4.37144481501953,0.536570528969762,6
-0.634105581777938,0.564024763203184,5
4.43593598072989,2.67379444842663,7
12.225435323074,13.2639638956605,1
-0.202662535359823,0.401401815729516,2
4.09739144941929,1.51991304419798,4
1.03403262957296,-1.78320901900019,0
2.97766659309606,-1.30167808223906,0
-0.155133705464974,0.33829338778073,3
2.7497255488518,-0.649475620661231,0
1.30398242635477,1.85328131378158,6
11.4775648517646,11.9428564840591,1
2.95522006452896,1.27094728046055,9
3.70614724596521,0.680080828294817,4
1.84367472126267,3.82533131291026,1
-0.345925387142763,1.73128904836296,8
0.13965874673465,0.57554653693504,8
-0.818039756271786,1.06541141376025,5
9.21331415798175,-0.0675522586237731,6
3.34538378053521,0.922568024596806,4
1.1889412682063,0.192090703223415,2
5.15408319384654,1.81819040060111,9
1.98585166835025,-0.0352282876099013,6
4.93248308483852,3.16610825330914,7
0.730573742234103,0.126174071131768,2
3.86761532870299,1.2925969875808,9
2.29566983084113,2.07703776119858,4
1.89675452951271,0.406586633900216,4
4.43801482519911,2.40480613040321,7
-0.416791051634284,0.89458031526482,8
1.10242408879984,-1.68263193951187,0
2.17013471566889,1.19716586634031,9
7.04855189179234,2.35289672291439,9
3.54419520154495,-0.179536662670489,6
-1.8971725098162,2.60924941343015,3
6.14089180225032,0.329520061208788,6
7.14255016261679,10.4874595141522,1
4.75721047914955,1.06343277406605,4
1.70267367413522,0.923383792509911,4
0.577489823165103,1.84873814607474,3
0.292057905579467,0.483399410901958,2
2.43952783619372,-2.46936951440803,0
-1.78383215845499,1.73869705671199,3
-0.62016885760617,2.09856902564765,5
6.19519375660317,3.3257258150525,7
1.37800649509438,1.93686471685453,6
1.27217361888955,1.22774911200666,5
7.70577302149547,4.81158824820709,7
3.69884677586588,7.3341148278744,1
0.325052847174229,1.02966285172561,8
1.11243046516819,-0.307818546821841,2
7.5918167498749,9.83391197013004,1
-0.302897180660628,0.48146805866341,8
4.65482036765255,1.6817656646144,9
3.94785250950805,1.44301643813996,4
-0.347265385714622,1.5861169482249,5
-0.609232335622207,0.669749313964528,8
2.12273676850592,-1.82299950370896,0
-0.803680760505112,1.80039300560604,3
2.35372281643181,1.32583610798489,7
4.80500742768823,1.03237698228773,9
3.61039556759941,1.81275615368161,9
1.55151257504043,0.941167956838224,4
4.06503222176057,0.317389605160278,6
10.0509380280018,11.5742538216252,1
4.07455465097875,3.33483837752767,2
6.44982133594851,0.313864740154732,6
0.537057481259945,0.648389536729312,8
10.0744255583976,0.655470976949544,6
2.74178259557386,0.366977292869075,6
-0.0819767169964965,0.554522686538174,8
6.26002445423599,-0.185285868179785,6
12.6217926945771,13.5314211273593,1
2.22386826777695,1.2847664928883,7
0.43995876231981,0.751500797668209,8
14.4366948418993,13.9735999350474,1
0.520923249412355,0.483604627194348,8
2.20965661866788,1.06652276280286,4
0.199651099644525,0.282139465181182,2
6.45878123171198,9.64577922443023,1
14.885964749785,5.86396270500072,7
2.14237113326408,-2.18237093362951,0
0.726087507023564,-0.0274260553805393,2
2.47842142656641,1.50720860668143,9
3.85702528933486,-1.92284937033514,0
-0.140773923579319,0.678071788962625,3
2.65211864517566,1.88347095294906,4
3.51681469023343,-1.62225890560965,0
-0.103677415946673,0.797115068785918,9
1.27121630266727,-1.60376268392434,0
3.00177967053333,1.82988932484285,9
-0.545748014025196,0.853259142694644,5
0.480408320378581,1.10485172306209,8
1.06426596274608,0.682116897173736,5
7.20012556049889,10.5091197271802,1
5.37235011696253,1.84020807862455,9
12.7307078001874,12.4987326456222,1
4.13655324494739,0.608105758209214,6
7.39512279410498,5.53542920836002,9
5.98106962217955,0.031860128945765,6
3.60519500680329,6.96737281860602,1
5.67009488981207,1.58324064819982,9
11.4558238918294,3.65342373488763,7
2.98295887301533,3.24358664812577,5
3.8170850474721,1.36826879312045,4
4.46566265258942,4.45011362372292,8
3.60284961489212,2.54063852730814,9
1.03206582463401,0.406375999058613,0
3.73526913363386,-2.24045667996373,0
3.07740023803104,1.15594870648456,4
-0.746618541815336,0.981148261852703,5
1.32750641462552,-1.97875511670482,0
6.56325185963492,10.8770733107211,1
7.00999679605215,0.175745728225089,6
2.04990725219479,1.1273996839568,4
4.20958906554805,1.72940672158172,9
9.81197245568932,9.28612387609375,1
-1.91645188611018,2.75030507822732,3
6.2794761164493,10.383153358364,1
3.54935535001301,1.82804652084296,7
-0.909012338243713,1.03915196960912,5
1.68978290128597,3.46668077335259,1
8.52735728715004,-0.266213162057895,6
10.9152459519605,6.42242065898935,7
3.74542956560084,0.0216455631774854,0
1.48712132960364,0.843121531049401,4
6.12600525098575,5.76682863556638,9
5.26212105659816,4.82646543201559,5
7.90249469496652,-0.137336870550664,6
-1.32377378239408,2.16114988983692,3
11.1365526040903,4.74834692706971,7
5.93513604183948,1.72238411138035,4
8.39890506525239,7.29968486165982,1
2.17375169573646,4.42033902379732,1
9.03558473550821,5.19347012993844,7
-0.886847947204925,1.2477799732937,5
9.79332763749437,8.28538045321248,1
7.61808072563894,4.39710260739908,7
3.55538671371229,-0.929282016789383,0
11.2628325751538,12.1599595494086,1
10.4531387616479,7.1736342662147,7
8.79765369412541,10.9173611536313,1
5.87690545892989,1.7213646277995,4
0.117239259584925,0.782030493152583,3
1.28997485064991,0.385846743408117,2
8.93995654823776,4.22429835206109,7
1.09460801885174,-0.602298846680224,0
7.14011486388862,0.485980993533709,6
2.26041831327553,0.523841881912801,4
-0.738473013034811,0.289697582995203,8
0.770677242166246,1.14304504292791,8
13.2900739489066,13.5954657743225,1
0.169287236349468,0.149418358001027,2
0.433479617269931,0.0707341667857842,2
2.171419315178,0.311050570133207,6
-0.295054068675213,2.16835392119348,5
4.94327365880325,8.04812549617174,1
10.922462237746,4.94195535362671,7
1.24702301047421,0.652561452391007,4
0.349806849410022,0.0119544621883563,2
0.243721135334378,0.166322123985259,2
0.452989219615473,0.927959664959394,8
5.19165282724145,1.50666943737617,4
8.08192773223533,0.337835806031762,6
0.749406075321816,0.0491251861883609,2
5.25709985637607,9.63141368271912,1
13.2635888235287,6.09323773773652,7
0.449504491001872,-0.0810250281377883,2
-0.392189391087992,2.52290576978791,3
-1.32847073470338,1.17769024974055,3
-0.252516525263427,0.729823336844709,8
8.33098217642157,11.2368133175382,1
3.21358169184867,-0.134604991153456,6
-0.223965222304163,2.14743710575917,5
2.43276199199283,1.35207769504109,9
2.22033961490671,1.39434580493872,9
4.40757763664334,2.34258828726077,7
0.535544046833948,-0.436878399654073,0
0.690450261559619,0.56030171382943,8
7.80904014603775,7.10899450054215,1
0.616778321390936,-0.757224170344077,0
12.2372675828148,12.0515315348766,1
5.07360982178519,2.39864168860327,7
3.33069798137142,0.74482191515302,4
0.267510170867301,0.756068707679192,8
6.95666641996075,11.0225249618503,1
2.41654909383738,1.31582506847451,9
3.32343302027168,1.41665995888274,4
-0.270050253202335,0.846520544073393,8
7.5080668426182,2.21463147695351,4
2.5837975667368,-1.18909785259718,0
1.24761152510826,0.454072764751642,2
5.97138393256115,0.153360446883139,6
3.35575556084954,0.236295068324991,6
2.19485247039753,1.28645450511351,7
0.52549288564872,-0.305867333442941,0
10.664321101066,6.56342748224058,7
-1.00131231916871,1.86910641647375,3
9.51116543071901,10.9253491797632,1
8.21483878529797,2.44613768730256,9
-0.495449585844601,0.748771827985031,8
0.0528118477904802,4.2352782570263,3
2.39840737404935,-0.18641902732043,0
2.59452665217222,0.384014874439865,6
8.30911269340709,11.237458727244,1
0.657235820397173,0.119634071358985,2
1.54051246932227,0.709686702467144,4
-0.40823710940696,0.832266458846051,8
0.703493845441998,-0.989785627611924,0
8.03303539589333,0.374609980530962,6
6.68460329860946,9.81401163496276,1
-1.62227735624741,2.58492656253028,3
-1.40954603531468,2.10042648821168,3
-0.220704164807712,0.566661059929132,8
6.94292128974016,-0.0083815454883983,6
0.885470886873647,-0.869235269541347,0
1.41773463434167,0.746092740991195,4
3.26418530211804,1.389689252841,9
9.57220176516454,4.45826041129722,7
1.31184468326818,-0.748064629895093,0
-0.930050630963825,1.61015560204602,3
2.41564625257547,1.13178667808681,4
3.36899034610847,-0.88658468590562,0
-1.16874993989397,1.62668055179723,3
-0.121062538733499,0.0936988831849893,2
-0.0819627386401363,1.22214854685893,5
0.0615522394664953,0.558163156390942,2
0.523563496362645,1.73350963170086,8
0.524743404719782,0.10997921298959,2
3.98687579411141,2.17597679482861,7
5.2313056807964,1.61739766910127,9
4.73209266301519,8.591628277616,1
-0.480184823909245,1.3569350064221,3
1.99889064886533,-2.50340327594753,0
0.634341894536716,-0.0331963440271569,2
1.27645786906923,1.35684412598486,5
1.48745754386356,1.32507340076918,5
0.551867117560413,0.899027921089999,8
7.80367734394499,11.8386446610039,1
1.42599662151577,1.37774211986119,5
5.88281793463478,1.49562879330192,4
3.60251184693333,-0.406122878072336,0
-0.482226897587713,1.06905043151307,3
6.34068631053923,2.17253078793397,4
-0.140978645112554,1.78441374556952,5
0.8876425089991,-0.0199929212407652,2
2.09448988592115,2.33910172113396,7
-0.829150910532319,0.989372243422927,5
3.88841164496094,2.7527586512061,7
3.5763996449567,-2.51854978880366,0
1.98016312709578,0.870156849210873,5
3.09964898201982,-0.0152994810072828,6
0.742138890674764,2.00408395775817,5
7.70818461311465,4.26443064857367,7
0.590238137292189,0.961388578023333,8
-1.02993626692656,0.506607949457012,3
5.986240893983,3.21676615960448,7
3.1885385206413,-0.183624327202691,6
7.37779239128947,4.08848065268619,2
-1.05504474099552,1.56409749867425,3
8.09099251554417,-0.397627751845522,6
12.3510748898117,12.8436569624589,1
4.42893515841995,1.18062558281924,9
1.50239177358031,0.875784914715382,9
3.10532752452789,1.24706017410421,4
8.19229157137294,11.7720392744448,1
3.3773294295132,-0.776066164659195,0
0.0866452528030596,0.270195969562839,2
13.0510428631191,13.534546231452,1
1.55057480214781,1.48688901349377,5
1.97134335890189,0.757516179735992,4
1.04336917473941,2.07708956749782,3
3.29208557113888,1.19273082221602,4
10.9848591424282,10.7560731627362,1
-0.31992589168882,2.45956220508451,3
2.73316096031954,2.25386127649598,8
-0.274950612924937,0.604659618772888,3
5.4907964579649,1.36881673383294,9
4.73229573153783,1.89519533052274,9
0.682371299493761,-0.447025233021748,0
0.658056267423871,0.183176374283357,2
4.58819080642842,1.26923875233857,4
0.0376985245574131,1.02823277288039,9
4.33945165924752,1.69243924734749,4
5.56615334739876,2.00730146816929,9
3.57042708616491,0.446245943616552,6
1.15635825952557,-0.021451550207962,2
2.56793788783651,4.35756740682588,5
-0.485629778554897,0.756563753102588,3
-0.962414653312038,0.930113889882724,3
2.52384553165294,1.12571840332972,4
2.02096736520874,-1.69885874757027,0
-0.603122112535306,2.01024649514542,5
-1.1949410437174,1.622758040191,5
2.61690970982577,0.703860081503797,3
0.544550495915905,-0.910420582693562,0
-0.0133128820731821,0.753256741083843,8
3.78421724431331,-1.94235690328734,0
1.43956591544076,0.261981641743014,5
1.40175258657352,1.09079230202925,4
6.78778211946515,3.46643575630531,7
-0.777862984250254,0.75776548684649,8
-0.436048500289156,1.10855923991211,5
2.11314585347631,1.02058913124079,4
5.91019535139981,10.6778543370457,1
-0.176684212952849,1.23909535799991,3
6.20340117150047,3.94990915927008,7
1.28567711650904,-1.35340881608814,0
2.93269525685514,0.0618008678667979,6
1.91821102516254,1.46144319983272,5
-0.500842194666879,1.3106605553527,5
4.41543854497646,0.0880592500280585,6
12.6048027666541,11.7108292119205,1
-0.532739565350178,0.819221209289654,3
0.798037611137735,1.74897373162438,8
-0.698675607286471,0.516310459600303,5
2.02669042020254,-1.13703840126862,0
1.68977551147752,1.67447385810603,5
9.86098788467267,0.492029692274111,6
1.33269341350758,0.738066686535845,4
6.17881122268088,-0.0167916699968809,0
0.562273530280677,0.883711348046237,8
3.52503431083722,-0.74011416528006,0
2.7594090931391,0.60670908798619,9
6.57769972010324,-0.435021043803176,6
-0.237285794805823,0.59530348866501,8
2.10220275178646,-1.44613392089524,0
1.5824738162454,-1.01878557149735,0
4.46513741905457,0.654382204465217,6
2.16698726425883,2.68986316492245,5
2.56123720828599,-2.176503926823,0
2.37644899062182,1.21999172883407,5
-0.928409710502636,0.628119870777843,3
2.60957112271163,-2.33473270151499,0
0.470140493040064,0.122905267786086,7
0.537313607784536,0.126840431034826,2
0.53451418704408,0.667240723396643,8
0.108513711597986,0.600234134439514,8
4.60281619343,1.97509590430017,9
0.459715191292593,0.761657585411746,5
2.56042161111619,1.57242781209442,4
-0.0534477548314786,0.367569069839457,8
1.43805266981025,0.542335280000209,4
4.58056723132418,1.76400094091534,9
3.82781708171273,3.06918812020451,9
-0.859993877077019,3.57049587054947,3
8.46897501447443,3.9285460699983,7
6.98593650517669,-0.218982133524069,6
6.38812162398606,10.6203272264148,1
0.703675548182856,0.249126509487532,2
1.0295074340621,0.539374134552449,4
9.58884831963452,0.245603605269923,6
-0.915605340708144,2.17052718277387,3
0.29561397037409,1.55724855918595,3
-0.202258203333291,1.51848115661726,3
13.1099565032147,13.4413717936751,1
8.50417879850776,4.73723607748619,7
0.678067002734878,-0.0715877489354066,2
4.46259269799093,8.34503911954694,1
1.8966944490586,-1.34313603502685,0
7.99642374043738,2.60176570032594,9
7.38113712380544,-0.139352808583184,6
3.71813646895688,0.241302784080236,6
13.9769649290844,4.90040628561822,7
6.23819038284904,1.44050057166169,9
-0.115825215115481,1.65292975217016,3
1.10120029285641,0.256852696644239,4
1.71654291148969,-1.32994707760952,0
-0.0804339634499598,2.49544241399716,3
6.63350390255879,0.525710875519651,6
2.83528662415675,0.702048319290049,4
5.09454899944748,2.35921368219612,9
4.30400084403122,4.02029107080466,1
10.0411216405841,3.89269575100966,7
5.01255717651795,1.39104491888521,9
0.11640826859425,0.18115173394153,2
1.64453105680656,-1.16024660008256,0
4.80585858637427,-0.402473049429363,6
2.00169765037767,-0.0348367137450675,6
1.36706180907319,0.213673680892356,2
0.485910736801036,0.816139756569372,8
0.168017314383082,0.73146104043515,8
3.420394926283,-0.0896610451751478,2
0.762445639207249,-0.437291849648841,0
3.7281800633938,2.72937063740796,7
0.492474907466422,-1.52045910911286,0
1.84845681061584,-2.45716528633783,0
3.68221735996764,1.50439164642543,9
2.01980158361973,1.76033628982132,4
1.36301168570801,0.705107511681322,4
-0.729141326302514,3.61753005429192,3
11.0652104309246,-0.0734612169062984,6
7.42942890227846,8.09565063942481,1
0.610789658738707,1.1775607565831,8
4.74280293311534,1.25609551944013,4
2.99623513437964,1.49939165748311,9
0.0690236003339166,0.757679633024023,8
4.00442459839674,5.89375599170421,1
3.68392636724055,6.10408471478379,6
-0.370572933257147,1.40733312388905,3
1.22509249335068,0.772212033394889,4
3.5548943255263,1.65214236200628,9
-0.958467928297836,2.85989187808865,3
1.75515896177831,-1.96861564957597,0
4.02291776106901,0.495274874393137,6
-0.565196403025011,0.544971168815159,2
-0.747703287694459,1.49042441121706,3
5.45792808902234,0.155109517564081,6
11.5188996959593,10.1514177846119,1
0.343897720039873,0.226436224697758,2
-0.932212446660508,0.636829221918306,5
0.6665156574654,0.199286888585526,2
2.39486889912452,0.957602559973153,5
1.81855297127882,-0.582842504216436,0
1.58259185551637,0.15228512680016,8
-1.1721782898892,0.935559940816549,5
-0.876211324773148,0.800422957446866,5
10.7691488826724,9.80253220436727,1
5.43691363510164,1.35510554636507,4
-1.39358372591887,1.45119888130577,3
-0.388462538912721,1.0018323258675,3
0.856312660778128,-0.712884458317045,0
1.43134941790498,-1.51244685358932,0
0.546405891860644,0.783969839967987,8
1.13209341399817,0.590387153921264,8
11.2925678590634,6.81290723921125,7
4.65394668947004,-0.144194508445775,6
2.25286259885836,0.294659687542556,6
-0.631675390366683,2.89155137028447,3
0.536438448487042,0.230108091941077,0
3.38349060824954,0.767744895263498,9
-0.919369841311529,0.885731256526051,8
13.7363861342218,5.60472030999672,7
2.80463711834044,1.76452836627627,9
0.212899506929916,0.1865922031729,2
1.19342391941957,-1.42340862698582,0
3.56475610416705,0.588965340563243,4
0.820841958732602,-0.114340396758831,2
3.59627035530044,1.39484567135876,4
1.78595197442482,-2.01513514070304,0
-0.847672639981187,2.23253151487941,3
1.67112214596009,2.65062437545677,8
1.67819043929113,0.805499909190978,4
1.55456176804362,1.01876228177845,2
-0.161070768052523,0.590099818942374,8
1.42525482074516,0.235443098283467,2
-0.0662188431492226,2.45891909789044,3
1.0163314482241,-0.464322221665817,0
3.42568429717443,-2.72651796443194,0
3.26231238034129,3.03246830441682,3
1.07864606067426,-0.81255336475845,0
1.64594917707289,-0.635207154753722,0
6.78845830377838,9.13857474473599,1
-0.3582424536084,0.592300112085458,8
1.85518766555024,2.98697949724324,1
0.768077351164457,1.94246450232528,5
1.04884470101108,-0.846287475385699,0
-1.01325098847459,4.17865757129271,3
3.28816362045059,6.66092958865401,1
1.44805321639096,1.78060067664206,5
3.47270182315723,4.4283554075621,4
7.37362803543399,2.34026893824459,7
0.757856264288163,-1.75516976000905,0
2.81205419676716,-0.327814123363799,6
-0.0834547492833794,1.66929999040366,3
2.5894303939622,-1.41369827257583,0
7.25532391930315,11.5531304569985,1
2.70567724001266,0.403609756853874,6
-1.12956792114921,0.941084308185143,3
-0.26321245738161,0.628143269738726,8
4.62199346020539,1.9526021331367,9
8.43090072363088,10.2959692672108,1
2.80519995717524,5.60548271016117,1
0.210976138511945,0.899114697147808,5
3.14425609624011,1.67403845869684,9
3.8413615073987,5.6871024371592,1
4.20286375969114,0.87848639612,7
8.25702263890121,3.47228021332055,7
2.45747315395336,1.72986070897393,7
-1.05859667953642,0.753840907893021,5
0.242426166810335,0.705944643581064,8
-0.623078892600491,0.994411843713646,5
5.82832857569745,2.02332851856487,9
-0.251311878489348,-0.382507932690107,0
4.54116275008762,0.564771546459776,6
3.78567217579415,-0.532440454988044,0
6.20474755483938,1.73394830624921,4
5.41748366709835,0.263854209713419,6
3.76458104122098,1.26487849321477,7
-0.332454225198688,0.564607364212967,3
2.52104797375956,1.43470908729457,7
6.14449483940672,-0.0274179016636726,6
0.63644259608389,-0.187365256842383,2
0.169424768712472,0.131185075493497,2
1.02421873873348,0.0374273249266863,3
10.1935297361535,2.97158338396547,7
13.2384423096943,13.2386973257554,1
0.19155523906231,-0.0103773804850512,2
9.2000281077557,7.93991050746481,1
8.15539659589686,10.7542641288707,1
2.69282627826372,1.5549272849412,7
2.06766620242205,-1.60343542677641,0
0.729838486078359,-1.34695625621628,0
0.32039960372879,0.262620543322674,2
1.24223075251429,0.273136618873699,2
0.391700889408239,0.0251212478772759,2
6.81326986764777,-0.230471335920152,6
0.256754285372534,0.730125909722696,8
1.25972753691809,0.637646421132706,0
7.63216908814914,3.26687286800123,7
1.86225509164153,-0.338854102149118,0
4.11104345506247,1.66340819593845,4
0.720870762880417,0.395110810008885,3
2.09396549346775,1.18253982842742,9
0.520081292059214,0.437046545664852,8
6.22678453971663,1.59067012524502,4
1.68123799553421,0.856733803697789,4
14.3560576319097,13.3927774498098,1
-0.36834761424733,0.337133537123316,3
4.71215652306311,1.89361652658765,9
-0.769299187965198,1.23987369555379,3
0.532328581869679,0.38643008824718,8
0.385776681532044,0.72080246426763,8
0.70517761172419,2.85468454789538,3
0.596665964050793,0.827995219121566,8
1.62940174207744,0.415543081614094,4
3.85576806982688,0.821741829254799,9
-0.130781213628442,0.859194067719238,8
0.574318213450197,-0.526915457665499,0
1.092405312683,0.0215956920267531,2
2.75088874224206,1.32441227884413,7
6.01354999954798,2.15286745383,9
-0.52941210516749,1.44180036139136,5
5.82636183557387,2.06608891626356,9
6.70278717313405,1.45492126680099,7
-0.247885038552055,-0.339602283679838,9
7.34564614387656,9.99938061401708,1
12.714702086013,13.178395032242,1
0.273418399193309,0.327779034693288,7
5.73461660966538,3.3471839539341,9
1.34588397822982,-1.86887662191643,0
11.6894957144225,5.21315541280114,7
3.28546413236239,6.7782480042239,1
0.772841641138843,0.142582711869393,2
7.79360077282138,9.94900945879258,1
3.46311358154442,0.722746471632995,9
5.01898969456017,1.75537896798964,9
1.1081794186668,-1.51956609281445,0
1.44969152561847,-1.39251221593122,0
-1.50906999173215,1.29883343830648,3
1.12887974296598,0.140829852866604,6
0.693857845537972,2.25405741804456,3
0.750620867787612,-0.830456653200827,0
3.84578604189017,2.18353364495638,7
4.78671521031117,-0.44606990834787,6
3.59840582186202,1.70709962517672,9
4.98528986514466,0.202271080322745,6
2.35603512396937,-1.21965790499869,0
4.86043163070642,1.53463796454083,9
3.05080548377884,0.391825776767205,6
1.18752489557391,0.952964041323188,5
-0.70883899285762,0.954288137114403,3
5.86730050069116,1.96843967596145,9
0.89392275208812,1.73755895895538,8
5.0665999775068,1.84032543395319,4
0.165387156254573,-0.0599499559277992,2
2.62001030648698,1.48587891058682,9
3.98249029977135,2.61647432926814,4
2.32830003022244,1.34477212629414,7
7.80286640130147,-0.156970980308205,6
6.43748296217057,4.37080217476805,9
4.96492018102389,1.37968737970436,4
2.62553005753754,1.22288440592148,4
6.64596229030295,3.55054065079244,7
8.05307339772635,4.99625978470915,7
0.876826086525,-0.0324905527988373,2
0.421790280577816,0.324022499705641,8
0.873533268129343,-0.373933709663091,0
1.63699872829726,0.350723612743132,2
-0.549710502534281,0.873505178538136,3
1.14270667437383,-0.135803060225558,6
4.63318502773853,0.929796457381845,9
2.00432328864112,2.57782485298395,4
0.284991576827348,0.332725513294605,2
2.39714781346327,0.603376641149881,7
7.0335470025037,10.0794672510691,1
4.34247286316662,7.34525404476075,1
6.59171655612421,0.242401941952869,6
11.8114052650586,12.2092922716271,1
3.72513370923141,-0.166108525037268,6
7.28965627215165,2.23968391229182,7
1.15729202602503,0.626708626262351,5
1.32666200596349,0.692380805748857,4
0.568783763925733,-0.65699186815938,0
5.18587582509367,1.74912727651659,9
3.32152381916628,2.07138981521914,7
0.477042486591852,0.0298412624784566,2
1.16484333248056,-0.313526165308095,0
0.647852202917762,1.47835107984781,8
5.45216020802145,1.30879143893936,9
10.1710685840965,3.63230737474521,7
-1.71421896702897,5.10575374001548,3
5.1849563565836,1.32112088618497,4
0.707239376343629,-0.630439667565908,0
0.488752682539597,-0.0235044647465479,2
0.274779587387484,0.439437619873892,8
1.63409468834734,1.01606202177331,4
0.662151983433326,0.0788504567308306,2
-1.4463112433861,1.23664850337161,3
-1.16595038954061,2.2864261003096,8
1.67856386484661,2.7043966196558,5
1.30153176463653,0.469370749702433,4
0.808210647989947,0.967116105574112,8
10.28762194127,9.52443848454886,1
5.75338784266234,2.0587174639932,9
5.19300776319066,0.371496066913667,6
1.19163033896092,-1.01011723683975,0
6.6236930549472,0.0134369588530497,6
4.53278028790452,0.648625741722596,6
2.50015731857107,0.992826967433512,4
9.61972684115797,10.3415227690326,1
2.93770849060595,1.52651304687325,9
0.818194791637968,1.48476892173794,8
3.94445583893529,1.37684794777377,4
0.345748551875816,0.130149160745404,2
0.92291583927986,2.17621329609674,8
12.183358340822,5.28097556166558,7
-1.72079143517034,2.19181613289332,3
0.201221655950317,-1.31284192689034,0
0.611931715610806,1.42168974930039,8
0.653936815544708,-0.885588663133152,0
-0.153283173632174,0.524546667503023,0
0.424481767879659,-0.571974811478773,0
5.24522941126127,9.34378834170215,1
2.04264066688109,1.24484119801433,4
3.66517003866313,1.71584156451558,9
7.26954823257665,11.2285880293787,1
1.42652238635728,0.805964378395767,4
-0.358218631074636,1.39099488111604,5
-0.297702710055553,1.18685968146242,5
5.27235074656543,4.15114176139731,9
-0.437931632047222,0.680368188291227,5
1.62820467469208,-1.08684937757026,0
-0.331067170990826,4.54097944922604,3
6.51687587571061,1.60748918656746,9
3.20370217060581,0.435642601675595,6
4.78736991487565,7.16954047858439,1
3.24024828128802,1.45446380895102,9
3.24933708740033,1.41271341649419,4
4.09738376547345,-0.576223157885026,0
6.04902535933037,-0.637545580168965,6
10.5813867246458,11.8967536712921,1
7.74957897567449,10.8915165155265,1
3.77517912676492,2.42454358592144,7
7.28773701557516,3.05078400100778,9
3.64124386704756,6.84551053856718,1
-0.338507896452917,0.568103407277339,8
4.42297024361847,1.68927691711825,9
-1.57512760323508,3.70625773803997,3
2.97912910973749,0.615499237499292,6
3.05623630034305,-0.266136366933793,6
6.8124364098289,1.59820160633026,7
4.05725429636654,1.76702618521533,9
0.803054160332291,1.91926369359418,3
9.62479914373385,6.21963583531043,7
4.06768727847606,1.27140477413551,4
-0.200206985349532,0.21517727083847,2
-0.768087844997085,0.367961166957937,8
-0.145908393554845,0.31091888590442,2
-0.135130789985958,0.380133195023735,2
5.31795954423408,1.40406487530935,4
0.495118947532999,-0.820896942402857,0
0.492294383388623,0.232795038195252,2
3.58386261519293,1.96998302419085,7
8.36422673468684,5.57332165717957,7
2.76758527297216,-0.171980391220316,6
-0.65576960435534,3.00983704707794,5
8.76513431503307,5.25979220568378,7
1.738244536821,0.783340397071877,7
13.2747836805091,12.1144274139964,1
13.7594545175961,13.3127833584549,1
1.62619925952617,-0.570680780566397,0
-0.872202869364947,1.26310138826763,3
11.7754821456402,4.67743008912307,7
8.47238422203391,0.0905727049438027,6
7.96716650681289,6.75911365001931,1
0.308576589013785,3.45533911184896,5
-0.331333067512041,1.18336977901049,3
1.44184824319549,-0.598051585885823,0
-1.43219355007052,1.25580498653567,3
10.2963727128641,12.1282791488079,1
1.01203675794355,0.919590364035261,2
-0.300008458595751,0.690026282835376,5
11.7656749791122,9.98091990077548,1
12.6782638881479,5.06964613511365,7
6.61230659622786,3.9702652877822,7
1.09019629733785,-0.377188439402603,2
5.12507254619684,-0.0164960006981696,6
0.761381324087468,-0.0860019710849317,2
3.51792280747463,1.91886434341098,7
0.299930647738279,0.791832479177894,8
2.99206197158638,1.40944879484018,4
4.7321976766641,1.34111640299311,9
1.55136615112382,0.940437984737568,4
3.93543296942611,2.27610355525572,7
13.2526551354683,13.3637131893604,1
7.35018084439456,0.00320853719003251,6
4.93339289924339,1.12222233672753,9
3.81080779348046,-1.5154689591563,0
0.218175084693837,1.77650107465997,3
8.64513595542006,8.79830181352609,1
-0.210778835916317,0.455020947255687,8
2.4078031326342,0.358564380007693,9
3.01744505018172,0.21341108469342,5
0.588146785589718,0.135221038024802,2
0.896836566615779,-1.55308573551042,0
4.4209369894378,-0.469141802471134,0
-0.700450049605706,1.24224053333122,3
1.10612506151837,-0.137829711986684,2
0.474785594364406,0.218372167821258,2
11.4332951021883,9.83447731588293,1
2.5750861455471,0.83113160489978,2
1.75545674563775,0.976799536484457,7
7.27961140531919,2.98640762641922,9
1.79558019182009,-1.57661494300363,0
2.92703948866215,1.28680679734453,4
4.96743997851474,1.59515798335435,9
4.74033820790695,1.76946345679299,9
3.67233304258548,7.15866001797294,1
1.12239478042189,-1.10965313034454,0
-0.332029528891863,0.677056521303924,8
4.11759918045453,7.70374277610119,1
-0.0911557207293963,0.189980526532531,2
-1.06778395341778,0.591647301337381,3
2.15907156532065,2.10818905855597,5
8.22633836066478,11.2799508667065,1
-0.252756609618751,1.06091019966493,5
1.7126555986876,1.87879482404171,5
0.373074892098568,1.01082539153154,3
0.556265018063673,1.43736227606618,5
0.682818689160872,-0.0334635183927622,2
5.55661672115033,1.51607676705992,9
5.50307860402047,3.30715993764691,7
-0.785412959529259,1.00432367355591,5
6.45704546235169,1.91122873623036,7
1.77734486358827,0.820066231591709,4
1.67496279244039,1.86775769897084,5
2.42053079276585,-0.401522632094192,6
1.55891995289326,0.672591646433705,5
8.46990577081772,0.320627434177796,6
3.03848220828567,0.0585221404972103,6
0.414876039194842,0.758385251407097,8
0.889594491844125,0.327385981505404,2
4.98966269412874,1.49631542256417,9
0.601012132883876,-0.280617852174731,0
0.861746570603355,-0.528693271856088,0
-0.920378164270693,0.774544463506447,3
2.72994078805759,1.23965144181634,4
0.256303960782024,0.480893821993528,2
12.2424134980312,5.1586215814712,7
1.21932969535422,1.48502107107878,2
0.845718416775526,0.948416797195564,8
4.25065096872336,2.7406247423336,7
10.2126664701085,12.3741542443765,1
3.02310142011318,1.17995125511991,5
8.84025781281741,4.79325555559606,7
3.23391904637227,1.42892958445372,9
3.43978401546002,-1.57952307304067,0
0.302941259252664,1.29472744368315,5
1.70937632315508,0.337396849195657,2
3.10229626586982,-2.09552418345657,0
-0.984385642396553,1.20240858743246,3
3.4615246351031,1.01337376649248,4
0.39674099646587,-0.138149264556778,2
-0.883426676326496,0.928479733455608,5
12.126014309658,12.8045906957204,1
1.82065243977811,0.478881651448481,4
2.31360151217102,0.790939897501285,7
0.551918979023102,0.106172473489932,2
-0.568136195108434,0.593923660517583,8
10.0038180715715,10.5460004354154,1
2.90167060860239,1.49031879633821,9
6.80448894297023,3.69574144171926,7
6.18492966055397,0.43632307865789,6
5.48730225700692,0.296876206469941,6
1.19735441951201,-1.14545768577467,0
6.39270709009154,2.23913858663868,9
1.94876509190066,2.38562821904589,5
-0.175620976101125,1.20814472659357,3
-0.762591007765747,0.733582783606725,3
-0.244849594130371,0.612772491119009,8
3.81036312801193,1.95010101594281,9
0.999503013700318,-0.370858965811308,0
4.00197006577473,2.8484264368659,9
0.106672740944107,0.676854507337922,8
1.58477657246695,1.83413836006428,5
4.24046285091277,1.59888032531235,4
0.449864322521231,-0.0530574886978616,0
4.63119694962099,-0.401823094040734,6
5.9132552203925,2.99817184228842,7
1.64724735737397,-1.89186961732608,0
5.72331846986621,2.7695241277914,9
-0.32845724245323,1.6300603876525,3
-0.192572348551408,1.16626524918764,3
-1.51110675840009,2.97302997186015,3
1.04468904101164,0.436037510769698,8
10.6343308290929,10.225441277888,1
5.45519171588536,2.8462035844556,7
0.438884673307878,1.23338870909135,8
3.6818408936799,-0.123710656353094,6
5.19232763053936,-0.376107867625818,6
4.73099831609608,1.20717921824766,9
0.500328142772727,0.0872858751285888,2
7.01026605217053,0.0551860586804301,5
0.00890383956466141,1.90805584473771,1
5.8916951338676,1.29469969699243,4
8.04882075751983,-0.388727978569297,6
8.08652674357784,0.326308314968,6
3.85405701086327,2.08464382187903,9
5.85867538307556,1.90738431060904,4
2.92466104653193,1.53052390454365,9
7.51441648987032,10.6708193161575,1
-0.591727890924935,-0.0528976480430541,5
-0.453098736232582,1.98992260879528,5
4.84723713563174,3.33895605996433,7
2.03062594396168,1.03733045707881,4
2.56155158985769,1.23358368615102,4
1.27723377514948,2.20908224392685,8
5.65999106423047,1.98380880968265,9
3.92819082055489,-2.04094767411613,0
2.0576586107906,0.931114623865466,8
2.35392141967892,-1.16419463744835,0
3.30989223193072,2.3364561625818,7
0.327482510068134,1.31224085795424,5
4.83770585359786,0.644469233324873,6
1.5481980352918,1.56052221537032,5
0.487621030776526,-0.136411334726973,2
6.25230120641125,4.51364335046772,7
1.07346980734987,1.60921456104892,8
0.667064730416323,1.32810106359352,8
3.80158694225603,1.90504932019419,7
4.80843604675481,1.56200325187808,4
4.09652809522099,2.30577153108911,7
4.98088457835924,9.09743738342541,1
0.599500075094657,0.556336574299889,3
10.2353248569634,10.7901936708024,1
3.06837636125898,-1.75669024848282,0
7.27927676360084,10.7427792837814,1
3.95990771136795,1.22959450492618,7
0.413383885886035,0.143376279054265,2
-0.604443013104539,1.22083000532683,8
1.39064761529176,0.619458523246102,4
1.41823488668604,0.523149425382068,4
13.0665660435947,11.9345283602044,1
1.83219481307758,2.44914329921722,5
-1.44654965322883,0.851726589461622,3
2.69720730484787,-1.51226050273641,0
4.18635058390226,1.38208743976257,4
12.5406609305326,5.65699714089105,7
0.880386903552397,-0.433910015305798,0
0.650704055344135,0.703262431490372,8
8.86974038315054,-0.0839495051795044,6
1.87665740713491,1.88459756242018,5
0.186444525739104,0.203357364045196,2
0.73805583770411,-0.0417396219704026,2
2.02717233905699,0.827059497554465,4
3.84900699415921,2.58584666055437,2
0.705904499903753,0.221575125490808,2
5.70845598443798,3.02857456132794,9
9.89924371338915,11.2070927663744,1
0.796414222035699,0.182266394449105,2
-1.60848251423915,2.15331280773682,3
9.94124392684935,6.06732360655729,7
0.188537522359205,2.48629051276076,5
0.0926920497755845,0.602623027046014,8
-0.731859895347725,1.2845030761745,3
6.7440206108478,3.87155557587159,7
0.187432513429654,0.136105847748353,2
0.887133209386855,-0.108414705906669,2
0.840578336417334,0.0355611269236693,2
-0.681579150392779,0.731471136630504,5
1.04928530596785,0.675846436220237,8
6.65147410466666,0.599435282930762,6
-0.533646877630132,0.72096190690449,8
-0.593823144607794,0.574000275048362,5
1.16303417694468,0.586319947914149,4
6.295074504498,4.47035928183862,4
4.30715949304461,-0.323944095055566,6
0.850935848784136,-0.0538404079690588,2
0.328592639777758,0.76297224599632,8
0.278126984722368,0.650516180518988,8
0.281555416582306,0.633676608621729,8
0.361907974770288,0.261522308193783,2
2.89699116198067,1.68599140100613,7
-0.0975788484893493,0.295182275611821,2
3.25855322314833,1.69743115230108,9
7.17797073725997,10.2516147197689,1
13.3206196385262,13.5246128969574,1
6.4206360796234,3.63291673939089,7
0.391911244427028,1.08428462581695,8
13.6931228164675,13.299639293572,1
8.32181121725312,0.41492033644849,6
1.60907234188917,0.885009497368047,9
9.94865926928237,3.53451541367447,7
3.28490253059109,1.56187267488236,9
-0.0696455270064783,1.37976994400619,5
0.227597512828864,0.647001816358867,8
0.455819702995144,0.0465832136398307,2
7.58385887357642,11.7784688620703,1
2.818923970143,1.13770750483776,4
5.36229832344818,0.575344940752672,6
9.8596448154068,-0.0147541789021382,6
12.65889074288,12.5246661860074,1
-0.0989912116844157,0.942850176838348,5
0.363888123906573,0.722309678777387,8
1.37315321011117,0.251497926409788,4
-0.608971076437535,0.646606053332061,3
1.96846380823446,1.15588523616012,7
-0.863636390461187,1.33473790289598,3
0.90650042388707,-0.592055717511956,0
-0.375164378417343,1.07159624420222,9
14.9006217431961,13.9917294888731,1
0.948436374293666,0.62982371173092,7
-0.17074073456732,2.27692591283014,5
2.5201742080938,1.32638136413163,9
-1.2717549353998,1.99372737546502,3
11.8338374048448,12.9805620021472,1
0.134687228471216,0.382451408140054,2
7.7541878575077,-0.389650229591286,6
5.61478348420883,-0.211600899060606,6
2.17891757012005,-0.338050015875665,0
-0.54433204442335,0.897283456900002,5
1.94358435772692,1.00662935495463,4
0.562286982083129,-0.360269404299517,0
1.87423181938801,1.4337403454952,9
5.65871437942531,1.26007806544005,9
8.09964867055606,5.70861676312314,4
4.44374091596571,2.58064992537461,9
0.716923511984891,0.00830823222318795,2
13.9681295522586,13.523527300582,1
2.65860674036851,0.537044342452176,6
4.09113135005174,1.37087020211602,9
5.38984508217535,0.303561180292567,6
0.244998634635546,0.096374776009374,2
0.255356843406678,4.9615107062515,3
2.81903205945617,-1.28548182572406,0
5.70767635364747,1.66197988575478,4
0.540963404312284,-0.0409240352646413,2
-0.732977352855293,1.47479283691273,3
2.06977176218083,0.57993174382668,4
3.01188872625617,0.86661756194348,5
8.81333984989827,9.96645640648259,1
-1.22414617570374,2.68520425923513,3
2.92110744581399,-1.41184727299887,0
-1.51504506205988,0.894660048786276,3
0.911449368829267,0.815097114230347,5
0.146995355348423,0.358254858236965,3
2.26897210540598,-1.61937458306635,0
10.3298992133919,3.96459475840065,9
0.068410285219037,0.298031636995879,2
0.800408859246891,-0.534764253423122,0
4.51246523677736,2.89075256441367,7
3.33817634281736,1.55163561403594,4
-0.434574016599538,0.60618342124162,8
1.37581621253755,-0.88175679803828,0
-0.646882336987933,1.20318249218339,5
1.71965447165076,1.96132416703206,5
9.27097124352698,2.8692920714998,7
0.624056898182326,0.731796304811994,8
0.555101132246795,2.69543609516997,3
0.3687789509104,0.0953696693926474,2
1.16642335161144,0.456481767320263,0
4.60346925125007,3.85223363734444,1
-1.71255667925028,0.98172758060854,3
1.87430423909085,-1.29901637443616,0
0.679591905694246,1.00008973279325,8
0.774062829621006,1.43343135518897,5
11.6973963799885,10.2478749547194,1
6.34942487687181,1.88866784784518,4
1.96530572053636,-1.1690537084434,0
6.79794366763808,1.65527046391736,7
0.17367462884142,2.896375919761,3
0.53362360427648,0.345807637963574,8
-0.541329776603673,0.551451344232472,8
-0.336208938396594,1.93222323088571,5
3.09841267319753,6.31340497179544,1
2.73826001552778,1.26601254815678,4
0.681905263786867,1.87351517319465,3
1.24182589955453,0.626382801827957,4
-0.38965029467282,0.995663816644755,3
6.7192459726879,-0.353647263955263,6
4.7017913061961,-0.35361657756398,6
1.49371219189936,0.913161468226442,4
1.61418222359037,0.897033137457096,4
-0.770465234487544,2.63142856639063,3
4.11338128568312,0.656146755004124,6
10.6662098651079,11.2841145157939,1
14.9855487773796,13.9564518721603,1
1.06236986689862,1.48411556726691,8
2.92989425087362,-0.157529417414975,6
8.40594366580132,4.72237515353496,7
3.69907062407678,2.06468905556837,9
-0.924299276548477,1.5190894863927,3
4.44262809054908,-0.544305102821922,0
0.224798448073032,1.67661131787163,3
-0.293710274257056,1.46260007812027,5
6.06576037677841,10.2570811405488,1
-0.981334851656507,2.76773513615749,3
0.542576719586338,-0.619456175223651,0
-0.203022236768034,0.319066597442157,2
11.5530307712581,4.29118823689428,7
0.503522031298126,-0.0347021167661769,2
3.10031119751161,1.64199970699981,7
1.30048450908189,-0.786835161843926,0
1.04629725312459,-0.882304132183781,0
-0.129160651765516,0.237063366817231,2
3.81634280893902,1.39569215094846,4
10.364006878001,11.761610516547,1
2.88147047544596,-1.0679288403675,0
8.89876427194696,4.28316080897005,7
0.94793724473559,-0.021082602110303,2
1.79710601801947,0.607654382809242,4
-1.37163435012678,2.04254165553547,3
0.0231529968280513,1.72271459094726,5
13.0016896511605,6.00815210034341,7
2.88807140238334,1.90648500900727,9
7.18281091935115,-0.56556161348126,6
0.525128699805358,0.832807096360229,8
4.49003906016555,2.69205527079599,7
12.5461986736308,12.391364724621,1
7.26508701451428,10.6162016030722,1
1.66101863523512,0.0867004208682018,2
0.454512822994339,1.49079298003013,5
8.77208808737694,4.32058269495423,7
1.58489809025612,0.584476696165435,4
10.4729425580053,11.7584731630216,1
5.10445638184032,1.71378932006011,4
0.279670503836502,1.33165846748105,8
0.588885515936749,-0.962627913039904,0
10.2734792869004,0.165884752883829,6
4.54117494665422,3.15436637764771,7
1.45129590892146,0.911939380998524,4
-1.06821876361866,0.860201653014664,5
1.60224985882087,0.781346138837632,5
-0.315247634207998,0.406914563093841,8
4.31247832850968,2.83069907580821,5
0.0899990323727081,0.215575861692464,2
6.79437099113416,10.3179559958546,1
8.69536910499624,10.0991518866519,1
-0.158275060094071,0.541549231285453,8
0.519683430582752,-1.38320897947961,0
0.497124256665115,0.0147991621382709,2
8.53197017654333,-0.115465554089048,6
0.468663534464893,0.525477668512905,8
6.13737943602498,1.83383758357253,4
8.57419027804472,0.107459897452165,6
0.370017587128482,-0.762986914116193,0
-0.611786539918888,1.46456334797461,5
-0.253136419079342,4.44334182960752,3
9.8663854161567,3.32030839627922,7
3.2363239387528,0.446938180615325,6
12.3104043893144,11.1868114690755,1
0.283949834507081,0.685401274010701,8
-0.871029014128438,0.527838897388183,5
3.05466836701849,-1.98870966574349,0
1.97808677654967,0.349478146539516,6
-0.497262618072484,0.890404520217553,5
0.777450332844527,0.133558282474029,2
7.45681578486054,10.1239896733153,1
9.9296828027182,11.9025509624819,1
0.76458507998467,0.0116194397520882,2
1.53464725809047,0.911210045855393,7
0.80250124847599,0.150403233505558,2
2.56779074577333,1.5084931472342,7
3.25518940164872,-0.874378162099573,0
2.62621540784265,-1.34652089072451,0
8.40207507574302,7.74868332930911,1
5.38038530281901,2.71286140971057,7
4.34023041611356,1.56407613601412,4
3.77007402478485,2.01137031709509,7
0.563205667523124,0.0617519442371342,2
3.11168988189561,1.492429621889,9
5.13604783832063,7.04180246802071,8
0.150508234342605,0.166672722508195,2
-1.91658458555399,5.11461554869476,3
1.60174125393535,0.904353058226796,4
2.85215004630693,1.8173113849833,9
2.18804182515551,-2.17517136804934,0
4.06241739421575,-1.37470455776279,0
-0.774038475315564,0.949232092902117,3
0.687340230954687,-0.142022961777368,2
6.26011169019867,2.06678774780523,9
0.0540339650589949,0.556118523522073,8
0.0889391929822274,1.78553121108769,5
1.24263980896998,1.74036407359676,7
-0.433492640430774,0.55884075768951,8
5.83193901795603,6.34939390980859,1
5.48093988588245,2.03461740818667,9
7.20476790488241,4.1894671674167,7
0.574802409688367,0.874587329074405,8
-0.551981897685085,0.785883291921604,5
7.9682202209098,0.300151743550527,6
12.5875138154506,13.3956362331908,1
-0.684581868679886,0.676664181822223,7
5.01052807523954,9.40027917990254,1
5.6445772219663,2.97808934812193,7
6.37456389663641,2.99437771608752,7
-0.35306589176078,0.620570138605924,3
-0.0749634290949528,2.4090500923028,3
0.187000042929662,1.30645883144012,5
4.72263120082946,1.05205485298244,9
0.343774714513901,-0.26915017956333,0
-0.539723109175279,0.882431365696098,3
1.89941695919533,2.16290107429499,5
1.13800288699568,0.309876656200347,2
2.73726880421648,1.15512489976751,4
1.74559462923307,1.68241710821653,5
0.722487887604209,0.896679328163144,8
1.06323459692132,2.02409926310343,8
0.29516804567772,0.117459592180284,3
2.42588632417444,2.09927914466115,1
0.497007703227776,0.818539114109568,5
0.75924307781139,0.802469943040558,8
3.63382884303605,-0.631060644946273,0
-0.239696180241848,0.45580578930146,3
7.36441213078302,0.422594084681774,6
0.82380700610394,-0.00390770336818104,2
7.32958405425105,2.10476564922744,9
11.4785787911507,12.6785864632439,1
6.51234561286521,-0.241685502253313,6
0.0437092728709695,1.22897103575288,5
1.48658809213103,1.68009049246751,8
